0,BOVD
1,AYVQ
2,UPGX
3,KPVI
4,DEYZ
5,QTCV
6,AVKP
7,HEGT
8,LQYL
9,QEZV
10,AWSM
11,XYRL
12,RGVT
13,MJIW
14,VHGI
15,OODQ
16,RZZL
17,XOZK
18,GFOG
19,JHKW
20,YPXN
21,ZOUM
22,HLRM
23,LQZU
24,SZZJ
25,HFNS
26,GAOH
27,LGVO
28,JTSN
29,FXJL
30,NXLO
31,ZTMZ
32,LZUB
33,LGJQ
34,ABZG
35,SYWX
36,VQTJ
37,VYWU
38,OJUE
39,HBOF
40,ELWU
41,SWRH
42,YGZR
43,ZSEB
44,QIXZ
45,GOXN
46,ATUY
47,OGNJ
48,MGWP
49,BOHS
50,UCRN
51,BPUE
52,OMFM
53,VXHJ
54,VKUS
55,SUMW
56,LRXA
57,YFJM
58,SEZC
59,TWSW
60,OFTM
61,MBWR
62,IZFV
63,ZRNY
64,WGGO
65,HFBL
66,XXCO
67,FKPP
68,GUXN
69,HVPA
70,MZOJ
71,XSIK
72,KFUM
73,JZQE
74,DZTI
75,LVZJ
76,BPVE
77,QWYU
78,HIRW
79,YNKQ
80,HTHY
81,HAEN
82,COXI
83,CJNQ
84,EPMT
85,WZRG
86,NHZE
87,MQKC
88,TJIU
89,TCHC
90,PHDT
91,KMQU
92,DUKK
93,DBSI
94,LCUH
95,MAVR
96,YECE
97,VZWO
98,YQVX
99,NSRN
100,ZQMY
101,TZFT
102,JOFL
103,VLYZ
104,HMRH
105,TOTR
106,YPNE
107,SQQN
108,AWYC
109,SAHG
110,ACCT
111,JTJN
112,GOJH
113,EGZE
114,UPYF
115,QIIC
116,EIFT
117,ZIPV
118,MKUB
119,NNDJ
120,ZOFQ
121,ARGP
122,GSPE
123,JIKD
124,IKSH
125,ENAJ
126,TXTY
127,WIYE
128,UFDL
129,DHOC
130,FTRK
131,RIPP
132,MXWI
133,NNCQ
134,NDIH
135,CJSH
136,YRRX
137,MMOH
138,BTSX
139,HKBW
140,RONU
141,REPP
142,AHMB
143,KYXK
144,STDS
145,PGKT
146,MMMI
147,GSQH
148,DIKE
149,FAQY
150,OZOO
151,PUYU
152,QZJO
153,JGHZ
154,KDSN
155,NRGC
156,XMHG
157,NMAE
158,SSXE
159,ZCCE
160,UVCL
161,YRSM
162,WZEJ
163,KAKY
164,TBLB
165,TTPZ
166,IGWY
167,NSDD
168,NOGN
169,OLNU
170,OJJB
171,RJCD
172,KCRO
173,VWEW
174,QNGJ
175,JRHK
176,MVFJ
177,HIHZ
178,UFGW
179,TGCE
180,XUUC
181,DJBL
182,IQXD
183,HFEC
184,HSQF
185,ENHT
186,OCJB
187,SXYV
188,OKEV
189,TKRA
190,CEQI
191,HELC
192,MTCS
193,ORHL
194,BGPJ
195,WLCE
196,ATPF
197,ETBB
198,YYVG
199,HVSN
200,XMCZ
201,JDJR
202,ADCU
203,YBNK
204,FHIH
205,QNDS
206,KIIY
207,LYUF
208,VUQL
209,KPNR
210,FDLX
211,WEXC
212,NMQH
213,BVAW
214,KQXS
215,WYHU
216,WBNP
217,TJBR
218,LQCU
219,YWVU
220,HORV
221,WVNV
222,AKDD
223,DJFV
224,JLWJ
225,MPRN
226,GHXC
227,WWNT
228,SEQM
229,ZFIG
230,DIZA
231,RWXN
232,BIDL
233,HKGA
234,KAKZ
235,AOEM
236,SLVA
237,ZVXB
238,OILY
239,LOOP
240,JJPR
241,GXRI
242,XKRR
243,TZRK
244,YDAA
245,RWRZ
246,NYMD
247,OCFD
248,XUYH
249,ZNNE
250,HLJM
251,STTZ
252,KDJI
253,QQGW
254,AQHG
255,IEJY
256,PSUJ
257,MLWB
258,HUZP
259,VTZV
260,IDDB
261,BUHA
262,YLFD
263,SIIW
264,BWTH
265,TCPU
266,MFXZ
267,BDOQ
268,FXIV
269,ZIEV
270,OURA
271,OWBQ
272,OGDJ
273,RZAI
274,OPLX
275,RLWP
276,FUCG
277,HPXC
278,WLUN
279,VMFH
280,PCMR
281,LDLN
282,HXVF
283,WCNR
284,TUZI
285,KASW
286,KWXS
287,IRJC
288,YAJE
289,TNQS
290,JVBY
291,AHAE
292,IOTJ
293,KHPD
294,VPZA
295,VQZT
296,BVHS
297,ZALG
298,ZNZC
299,XGLG
300,TOON
301,DDHR
302,DWYJ
303,VYNF
304,CFLB
305,XWMO
306,PILH
307,JQRE
308,YWQA
309,LONR
310,MYAR
311,NCPI
312,AEUE
313,JGXN
314,KFVM
315,IDDV
316,AHIZ
317,GVLZ
318,GSED
319,IJEV
320,RKKI
321,KHLP
322,QEDK
323,AOTG
324,EMZG
325,QDGV
326,WVJQ
327,YHML
328,KUEQ
329,ZNEN
330,ASAY
331,QHKO
332,TEGQ
333,ZYXR
334,WWYK
335,SMSP
336,OIRB
337,OXAJ
338,MZPW
339,FRRC
340,HWLB
341,ZKHT
342,YDAW
343,FDMC
344,JTOT
345,KUIH
346,SPUK
347,FQMS
348,LJCN
349,XIIK
350,MBKD
351,ASSS
352,FBDG
353,GZKW
354,YJTA
355,BJCE
356,USID
357,UJNA
358,ZLPU
359,PRPN
360,DLZM
361,JVXE
362,BMLF
363,FFJT
364,USII
365,SKAD
366,LCNA
367,MCUN
368,ORGL
369,PEVU
370,MUHW
371,HNKB
372,QJZH
373,EXOG
374,EMMZ
375,CZTR
376,DSAQ
377,RCCO
378,SMWK
379,TLGO
380,FJQV
381,CMMX
382,YBAZ
383,PYRG
384,TOFF
385,VUZD
386,CVFA
387,AMRE
388,NQXT
389,WZOS
390,YGGN
391,KDLA
392,KKCR
393,PCRW
394,GLQH
395,YNSQ
396,UICV
397,GGHM
398,JHXP
399,UGCJ
400,VQXT
401,EJBU
402,RHZD
403,HOSZ
404,PAMS
405,ZRIU
406,ASSK
407,SDQD
408,LYKN
409,HLXU
410,YJKF
411,VAVR
412,UZLO
413,KYTK
414,EVXO
415,RYHP
416,FCFV
417,YRUA
418,BYBM
419,BKWP
420,YREZ
421,VGUA
422,LYRM
423,YZWH
424,MYFZ
425,HKHK
426,NAHL
427,PQVC
428,DKWQ
429,DXDH
430,XLPS
431,SKHJ
432,XQRB
433,CXKJ
434,NPTJ
435,OFAM
436,MVHQ
437,RDOV
438,BTEH
439,XPOJ
440,PNGD
441,JNZT
442,YAIB
443,MTPE
444,DDPG
445,WSUX
446,BGUW
447,ANEV
448,JZRG
449,UESO
450,XUGB
451,XFAC
452,KWPZ
453,PFGB
454,PIND
455,YQLJ
456,XWOX
457,DQEM
458,UUJB
459,IAWQ
460,HZGI
461,PWYT
462,TEFU
463,PENO
464,PBVL
465,NDUC
466,XSBB
467,DELJ
468,CZBF
469,SXBG
470,IXEO
471,ERFE
472,IYJH
473,GDEL
474,ARIR
475,FOQW
476,WCCI
477,TSVS
478,STVU
479,QCXM
480,SWGN
481,LXAY
482,LNHM
483,YVYH
484,AYBI
485,WHHZ
486,CYBC
487,BULB
488,DDEM
489,PRXO
490,BVNW
491,KVOJ
492,UJES
493,IJBY
494,HLQX
495,EMUC
496,POYU
497,OUMG
498,IUXG
499,UTQU
500,ZFRY
501,VZOC
502,QHPZ
503,SQRM
504,DYNP
505,GVHX
506,UTQY
507,VFVH
508,EKCV
509,LNMB
510,LTJN
511,PMHP
512,IQTY
513,JMDW
514,RBEF
515,EIRP
516,RPNP
517,ZHYF
518,HBGX
519,TPNB
520,DMSK
521,ORWM
522,VNLR
523,MUJW
524,FYZK
525,LCAB
526,TIFV
527,GWXP
528,MZOL
529,ZHIF
530,WOKY
531,JQZY
532,AKDV
533,THHR
534,EHUC
535,JWYS
536,HATV
537,HSYM
538,CMOP
539,FNNV
540,SMCM
541,DNPI
542,EULU
543,OYQZ
544,WAWE
545,MILP
546,LPXV
547,FJIK
548,VQGD
549,TCCU
550,CFYN
551,QHPR
552,QRIW
553,JHKZ
554,FRLS
555,PQFA
556,DDIY
557,NEZC
558,CSAD
559,KOHX
560,GXBS
561,HYVF
562,EJRR
563,PUOR
564,TPAX
565,IEEH
566,LLDH
567,UKOW
568,NBXH
569,PWWX
570,DUGV
571,SJPJ
572,PCLO
573,VDAM
574,YNQL
575,GNDH
576,PEYW
577,CFVG
578,DKTO
579,IWWL
580,DLUG
581,WWZC
582,BVRN
583,MIRW
584,ZLPC
585,BFCJ
586,MONC
587,GCDT
588,EIED
589,YKFY
590,DHKX
591,JEAS
592,OLYJ
593,NYJM
594,DKCY
595,SDPF
596,LUAD
597,QQAE
598,MRXB
599,YNYZ
600,WHJN
601,ASKL
602,VOOB
603,SCHN
604,KVED
605,EQRV
606,DXTT
607,CHLP
608,CGRY
609,MBIP
610,NQCK
611,CMPG
612,CNAU
613,VSHB
614,LQMV
615,BTCX
616,QGKX
617,GUYB
618,MSVF
619,SRBY
620,EHVU
621,BAHT
622,NULL
623,ZGQL
624,LMQJ
625,ARQV
626,PZLH
627,NYZV
628,EKXL
629,ATQE
630,QLAJ
631,PZKJ
632,LBGE
633,UKGS
634,UEZS
635,DYVB
636,XIYA
637,GTXB
638,RXJA
639,YXJV
640,UGMW
641,HQUL
642,TFQK
643,CVCG
644,EZQS
645,GNTZ
646,ZRFM
647,RONS
648,JBVA
649,GFKQ
650,QFRO
651,EQSV
652,RSBF
653,HJTO
654,BTQG
655,HZUB
656,LNAP
657,SISN
658,NSIC
659,UEYG
660,OFDL
661,ENYI
662,SRRY
663,FQXD
664,FWND
665,YZNL
666,BPRF
667,CGSY
668,ZBMF
669,PKVX
670,YWRA
671,SNRH
672,RLIS
673,URCK
674,OYCW
675,EXJP
676,TGDO
677,UWVO
678,LGZM
679,UQUM
680,CSDH
681,LSNU
682,OMNF
683,VHWI
684,NXVX
685,DQMX
686,UHXV
687,MNVM
688,KSWW
689,SLYY
690,TABU
691,QFJG
692,TYWA
693,FWNA
694,ZVYZ
695,GHQC
696,IXER
697,VHVP
698,NKNN
699,KTSO
700,QRHP
701,DUCD
702,TLTO
703,TMTE
704,TCKJ
705,TFJQ
706,GMWN
707,CNSO
708,HGMW
709,ELJK
710,FJQS
711,DAOY
712,CTYV
713,JQFH
714,DVDZ
715,DKCD
716,FPIT
717,ENHU
718,MLSO
719,PUAS
720,QNSJ
721,FFFG
722,LHHE
723,MPGL
724,YNGB
725,NEPP
726,UNDL
727,YLAH
728,SYUY
729,OVGJ
730,ODTV
731,NZJW
732,PDPO
733,FTET
734,FBHS
735,ZLDN
736,MJIA
737,PROJ
738,RWYP
739,ZCEJ
740,RMQU
741,NRCZ
742,LEWT
743,YKIO
744,LWSJ
745,UTSE
746,YCVR
747,CDCJ
748,EGBE
749,WFNN
750,BPRP
751,TAKC
752,YXNX
753,JCZQ
754,VTAJ
755,VFKE
756,RSBW
757,VJRH
758,GCLX
759,KJJX
760,PRCP
761,ZKAG
762,WPEV
763,KFWU
764,HYFO
765,YXSW
766,OUNI
767,ATQV
768,ZXEI
769,UMLH
770,YWNN
771,UKCC
772,ZQTX
773,QESU
774,RROY
775,JSFT
776,WPKJ
777,AXSX
778,ASGK
779,SILL
780,HHMO
781,JKRT
782,IAGQ
783,ZKFW
784,AUWB
785,BETD
786,LUVD
787,RWJG
788,STXZ
789,TKBQ
790,OLIE
791,QEKO
792,DJON
793,UJLC
794,DHOL
795,NNOJ
796,YQVC
797,LGAH
798,EQIX
799,GTHW
800,DTCB
801,FOPA
802,DHBQ
803,BIOI
804,KXJI
805,QFQI
806,QIPM
807,EMKF
808,HDDK
809,NNWW
810,QYJH
811,UQQR
812,WXCW
813,BRKG
814,QDXY
815,EWYB
816,TERV
817,IMTD
818,RCOM
819,UKVA
820,UTAJ
821,NWIY
822,EQOW
823,GBPO
824,LCBT
825,XRDU
826,MOCY
827,CHFD
828,POUR
829,XDYU
830,KRPO
831,AMUG
832,MPSV
833,PBVO
834,CSUW
835,WXLU
836,LUER
837,YGCZ
838,GCSP
839,ESME
840,LCYO
841,MPTB
842,MYKT
843,KWRR
844,VUCD
845,HOHN
846,JHVP
847,VFCN
848,JWMH
849,ZRME
850,RZCL
851,GRJL
852,OQHI
853,HAQU
854,KRWS
855,SOBQ
856,PQXZ
857,WCUA
858,QGRG
859,FMDC
860,FDLX
861,LHWZ
862,DFUN
863,FXHA
864,SPWX
865,IZBX
866,YWBG
867,PBFR
868,SSMA
869,OYTE
870,IYAD
871,WIYU
872,BQUV
873,WJHX
874,OXNE
875,EKOZ
876,ZSLX
877,TVKG
878,ODJU
879,RANV
880,RIZF
881,PJVA
882,KGND
883,TRNA
884,EEJZ
885,WQPM
886,SGZV
887,DJSJ
888,ASSZ
889,GBVE
890,MIZZ
891,KZNF
892,JDDK
893,KOPM
894,FPFV
895,KJHL
896,WQDI
897,ADQK
898,DXAF
899,JZQD
900,EJER
901,NSSN
902,KLXE
903,VIEU
904,HCDU
905,RRWH
906,UFII
907,CFSN
908,WXGV
909,SJBA
910,PDYG
911,KFNF
912,OKRB
913,XEJH
914,YAFL
915,TGLK
916,SVJF
917,QTTO
918,KPDA
919,YBBM
920,AMFY
921,DMWW
922,ENZJ
923,VKJQ
924,YCNE
925,TKGI
926,WOXH
927,EUED
928,EIWI
929,VWUG
930,AKOF
931,JDNV
932,FOLB
933,HVVX
934,JFLD
935,WKUF
936,RSOJ
937,BOFY
938,FCPU
939,ZVRW
940,OHWC
941,XFYW
942,TGYN
943,WKMO
944,RCFV
945,CTHO
946,YGGP
947,TCDJ
948,VLQW
949,NOXN
950,FWOD
951,HVZN
952,PIIX
953,JVKH
954,KJEL
955,OJIN
956,CZUC
957,KIEH
958,JUQV
959,HVGX
960,NUKE
961,QTNQ
962,ZJWL
963,EGOD
964,KURK
965,PRKE
966,XWIN
967,EFCN
968,LTMM
969,WJCE
970,PHPU
971,EEKW
972,NZZP
973,XWWN
974,KDCJ
975,ZPLL
976,BSCD
977,VMYD
978,TJVG
979,JAWT
980,BTJU
981,BEOT
982,GXGJ
983,VMMG
984,IJBB
985,YTTQ
986,VMLW
987,XMNX
988,HXRO
989,AXCY
990,AFUW
991,UFUB
992,CYGU
993,ZJGN
994,ZWSH
995,WIPD
996,QXZY
997,EASF
998,NDXH
999,NSWJ
1000,LSJU
1001,FQMR
1002,RTBW
1003,ERWL
1004,TVCE
1005,QCHL
1006,KBBG
1007,VPDK
1008,JTZJ
1009,CIMI
1010,BDFH
1011,SPWH
1012,CUAV
1013,BTYU
1014,HYQN
1015,TXGB
1016,TCPK
1017,UPFZ
1018,MYNR
1019,WZOB
1020,IOUD
1021,BWBA
1022,MMAP
1023,SXOF
1024,PIWV
1025,IKXZ
1026,ONQC
1027,UOAE
1028,QUGC
1029,HBML
1030,YKGT
1031,WTJX
1032,NIFS
1033,DRFO
1034,ZEKT
1035,ZGKG
1036,ALWZ
1037,IVAE
1038,SGZM
1039,HCIF
1040,YIYC
1041,NQBD
1042,KXRO
1043,KDLZ
1044,YOZD
1045,SQXL
1046,NFIY
1047,EZTT
1048,GIGL
1049,RPAA
1050,CDPN
1051,YVTZ
1052,BDUC
1053,RASG
1054,XSWW
1055,TRJK
1056,PPYD
1057,BBLG
1058,WUNJ
1059,HYEV
1060,ITGC
1061,XFNG
1062,XOBP
1063,AMES
1064,IMAI
1065,BGMD
1066,SNJK
1067,MMYF
1068,WOHC
1069,LUTD
1070,QBYS
1071,ELBN
1072,FNQL
1073,VZEB
1074,RLLH
1075,FGCY
1076,USHB
1077,NVML
1078,GYXP
1079,GJYD
1080,GBAW
1081,XBKP
1082,DIZD
1083,LKTU
1084,FTSV
1085,NDQB
1086,XGYI
1087,UWDM
1088,SDOE
1089,EZRB
1090,HSWA
1091,VZYR
1092,TYZK
1093,CDMK
1094,RKRS
1095,OUBU
1096,ZKJF
1097,VOIG
1098,OFAX
1099,QKKK
1100,OFLX
1101,EHNA
1102,SDLL
1103,CSSU
1104,LNEB
1105,BPGH
1106,HROU
1107,CDFO
1108,GHUW
1109,HRUB
1110,LTOX
1111,HHZV
1112,VSTK
1113,ZIGK
1114,GVNB
1115,BMAG
1116,HUUI
1117,OSPU
1118,VMBO
1119,NCPR
1120,IKDO
1121,AGHX
1122,VKKV
1123,KIPR
1124,TCDC
1125,ICIC
1126,DMXR
1127,ZQAC
1128,TPJA
1129,MIWY
1130,LQAC
1131,YLXJ
1132,GKUO
1133,ZUSS
1134,KBYV
1135,QSTL
1136,WDJT
1137,ZHZB
1138,IDOJ
1139,IYGA
1140,WAUL
1141,FUTS
1142,GTHU
1143,PXJL
1144,JVBW
1145,ZXPO
1146,OHAI
1147,RRPI
1148,AZSQ
1149,VMSH
1150,QCZA
1151,QUPD
1152,RSNI
1153,XXXT
1154,DZZX
1155,WPWK
1156,UXZJ
1157,AEBZ
1158,LHUO
1159,DLOQ
1160,UFML
1161,VEXY
1162,DQAK
1163,UZWR
1164,EFBA
1165,QUAL
1166,MLKI
1167,SYIF
1168,BFPB
1169,FMPM
1170,VKHC
1171,CQLH
1172,QYUR
1173,VBTF
1174,XTZM
1175,HOTI
1176,PMVU
1177,FRQF
1178,YBAT
1179,XRHW
1180,STWI
1181,MTHY
1182,VEMX
1183,XZOT
1184,MDGZ
1185,ZGIA
1186,SGIK
1187,DSVF
1188,BYPP
1189,JIAM
1190,ULEL
1191,JKBO
1192,JGTW
1193,LKDM
1194,OQWV
1195,QJOB
1196,XLKJ
1197,IXTG
1198,KQJC
1199,RAHH
1200,EGJS
1201,TXKB
1202,JSZZ
1203,CDPV
1204,GKJX
1205,CHAU
1206,KNLG
1207,UDOF
1208,XWKR
1209,QODT
1210,BCIZ
1211,BDMI
1212,BKSM
1213,EQLC
1214,IRWS
1215,AAOG
1216,TSOO
1217,TGNL
1218,KMYH
1219,SBGS
1220,UDDF
1221,VZEK
1222,CDOG
1223,ZPAF
1224,CWKS
1225,QURK
1226,TMBE
1227,GBSM
1228,UIIR
1229,QBNS
1230,QYNB
1231,AHTE
1232,JQFG
1233,XHYH
1234,JQBO
1235,BOFF
1236,LZBJ
1237,EYUX
1238,THCO
1239,VVVE
1240,WEGT
1241,TUOV
1242,AZAR
1243,BGWQ
1244,BOYX
1245,KWME
1246,BPYI
1247,ODAE
1248,YPNU
1249,RMOH
1250,TLJJ
1251,WCZM
1252,MREU
1253,JGFB
1254,KRFT
1255,ZYUT
1256,YCAS
1257,CXFJ
1258,JIYD
1259,NPUK
1260,KVOO
1261,CKPE
1262,XUXU
1263,BQTB
1264,FKGY
1265,YIAH
1266,GYDT
1267,CLKH
1268,ZNMF
1269,TIZV
1270,MEGS
1271,JJNO
1272,LLCH
1273,OVBU
1274,BXNC
1275,ZMLF
1276,BDVD
1277,ITQP
1278,DXEJ
1279,TSBV
1280,NLPW
1281,QOLS
1282,EXYP
1283,SJCN
1284,GMDI
1285,PTMC
1286,FDDA
1287,CADG
1288,FMTF
1289,AWTE
1290,RBLR
1291,EBBQ
1292,TODI
1293,TWSO
1294,LBNM
1295,NNIE
1296,DOEF
1297,RQBK
1298,EYVJ
1299,GJJY
1300,IQOY
1301,UXCC
1302,IRVX
1303,QSBI
1304,EIWU
1305,JZWL
1306,TZLZ
1307,XOEB
1308,URBQ
1309,OQCT
1310,BBXQ
1311,VOFA
1312,IATO
1313,BCOL
1314,EYMH
1315,LSRY
1316,KBBG
1317,LRWV
1318,PKEK
1319,IYBZ
1320,GUFP
1321,GJGS
1322,ZUNR
1323,CAHV
1324,IUDI
1325,FGRE
1326,VNBT
1327,GHYC
1328,ZDKD
1329,XMJW
1330,RNBQ
1331,UMTE
1332,EFFB
1333,ZDEI
1334,KCAK
1335,FKIN
1336,MSKA
1337,GULA
1338,MVIG
1339,QYCA
1340,PQNG
1341,SCKC
1342,XIYP
1343,UJIG
1344,TJIO
1345,JHSE
1346,ACHH
1347,PGEB
1348,FNAM
1349,FWXK
1350,CHJG
1351,EHHN
1352,PNQX
1353,VKYB
1354,KHXQ
1355,GGRD
1356,HVIR
1357,NODL
1358,ZXFL
1359,XEPH
1360,EKWX
1361,BAZD
1362,ROMZ
1363,FZJF
1364,XSGN
1365,UGSV
1366,TQHE
1367,HBCL
1368,XJTP
1369,DDGV
1370,UWAT
1371,PVQL
1372,TYMU
1373,IWKR
1374,MAKG
1375,TPZA
1376,XHNA
1377,VDKG
1378,LRNI
1379,KMGM
1380,JRFQ
1381,AGTZ
1382,ZXOE
1383,KWAC
1384,SKKU
1385,SMTZ
1386,HFLS
1387,HCTH
1388,BQAE
1389,EEJH
1390,HDUR
1391,TZKA
1392,ERJY
1393,XIFO
1394,RPOP
1395,SBET
1396,KCGH
1397,SEAE
1398,GTDG
1399,OBOR
1400,LHEW
1401,BJQX
1402,XLSX
1403,HRSF
1404,EBIQ
1405,UJGZ
1406,HKEA
1407,DFUY
1408,XAEW
1409,OCNN
1410,GJAS
1411,BWYW
1412,NSIR
1413,PRGT
1414,VGXN
1415,TGIB
1416,IWEF
1417,IRPW
1418,YIFC
1419,UKVU
1420,TYRM
1421,BFJN
1422,VSQE
1423,HBPW
1424,ZIIK
1425,XCXW
1426,IERM
1427,KNET
1428,TDOJ
1429,GMZK
1430,DMLF
1431,ZSLH
1432,ZWUT
1433,RJVJ
1434,TRHX
1435,KCXE
1436,QGKC
1437,AMKK
1438,GRLO
1439,CXNZ
1440,UYYV
1441,UNYU
1442,RKKZ
1443,BUKZ
1444,ABJD
1445,IVEY
1446,DBJL
1447,VTCX
1448,NZJB
1449,UBYN
1450,VOFM
1451,ZLKV
1452,YLIU
1453,GPPQ
1454,TABI
1455,TBYN
1456,DOCT
1457,HVQV
1458,VQPJ
1459,LAHJ
1460,TZWV
1461,BKPJ
1462,XVYW
1463,GKQM
1464,SBJE
1465,BOFN
1466,URCX
1467,YNSC
1468,QYVC
1469,OVAT
1470,GKCF
1471,IDTH
1472,PKXU
1473,SCOK
1474,WXQY
1475,MMJR
1476,JUID
1477,BDNL
1478,BYTJ
1479,SZKM
1480,BXQB
1481,IVEC
1482,RAFV
1483,EIJL
1484,BLKS
1485,YOVP
1486,VFIS
1487,FAQM
1488,KXLO
1489,ZXKY
1490,DQFY
1491,GXWE
1492,IZLL
1493,DGUK
1494,MWFO
1495,HLQX
1496,YZVV
1497,PFSZ
1498,YWFR
1499,MGWW
1500,JOAG
1501,DDME
1502,IBSG
1503,ZEDE
1504,OZJT
1505,AHNG
1506,CYOI
1507,JFMV
1508,BQSK
1509,FWOC
1510,LUCV
1511,YFJD
1512,DBSW
1513,BRJX
1514,YCCU
1515,LCXQ
1516,YYFL
1517,YRBB
1518,UDBB
1519,BRHM
1520,VVUX
1521,YQUO
1522,GCTT
1523,JIHM
1524,HIMN
1525,PMNI
1526,BDOJ
1527,CFJY
1528,ZKFL
1529,UYQJ
1530,HQME
1531,DWFT
1532,PAUR
1533,DXUE
1534,RPBN
1535,HIOM
1536,OMNT
1537,BHSX
1538,WWRW
1539,AKIY
1540,XBGJ
1541,IWZD
1542,COXC
1543,HNUS
1544,QORQ
1545,UXOT
1546,PAWY
1547,OLTJ
1548,PKBD
1549,GLAN
1550,SAUB
1551,WXEA
1552,EXHS
1553,XKJC
1554,EQID
1555,XXIE
1556,GHJF
1557,ZXPC
1558,WSCA
1559,VFFW
1560,NDNC
1561,PCTP
1562,GOPF
1563,MOUR
1564,QQPI
1565,AJKT
1566,ZGRK
1567,XLQC
1568,FZID
1569,KWBW
1570,IURX
1571,PVJJ
1572,TUJX
1573,LUXR
1574,XUMS
1575,GUPB
1576,PEXG
1577,KMYI
1578,HCHK
1579,HRGQ
1580,HLNG
1581,DRAN
1582,BTCQ
1583,OCEN
1584,RAVK
1585,UOIF
1586,JRPL
1587,AMKJ
1588,YYWQ
1589,TXOH
1590,DZRE
1591,SVKP
1592,OIII
1593,VIQM
1594,YEJR
1595,QURE
1596,IHVW
1597,XUEG
1598,RRTH
1599,ECZP
1600,QYQE
1601,RLMO
1602,YYFF
1603,DVWA
1604,YFLE
1605,BNCG
1606,NMLU
1607,JEYG
1608,WORV
1609,VLWP
1610,NJDB
1611,URPI
1612,EARR
1613,ZNMX
1614,LOLU
1615,SAUH
1616,ZIZR
1617,EDSU
1618,QWSQ
1619,CYGX
1620,LQNF
1621,XHIG
1622,VNEW
1623,PRXL
1624,DBMK
1625,JQSH
1626,EPVZ
1627,EOPM
1628,STTF
1629,FPGD
1630,HCSH
1631,UHYN
1632,QGRO
1633,CVKM
1634,AKGF
1635,NHUY
1636,ZJFY
1637,ZJPW
1638,UCXJ
1639,KWCO
1640,DBVG
1641,MGOC
1642,GZPY
1643,OOJW
1644,VJFQ
1645,FDIC
1646,SJJG
1647,SRMA
1648,ONVT
1649,NXOD
1650,YZEB
1651,CPYA
1652,CMNN
1653,RTFG
1654,JNUH
1655,UGXD
1656,FKRH
1657,SIRV
1658,QMTO
1659,NILU
1660,CZLS
1661,OSEZ
1662,PQCQ
1663,ZKBI
1664,DYDT
1665,PNDH
1666,GSHI
1667,VUGB
1668,ICDQ
1669,XDWJ
1670,CHHD
1671,GHME
1672,IMBU
1673,JDOG
1674,IJSD
1675,FTQV
1676,JVID
1677,SJFY
1678,HQEP
1679,LNAN
1680,YRKR
1681,LAUL
1682,EXRC
1683,JRBN
1684,ANWN
1685,QQPG
1686,KAKP
1687,UXLF
1688,ECJV
1689,PSWL
1690,DCTC
1691,PAKX
1692,QNZQ
1693,EIWP
1694,FODI
1695,IDDE
1696,OPKK
1697,AOFJ
1698,ALRW
1699,SAWW
1700,HEVN
1701,SGCQ
1702,YJPW
1703,BRCC
1704,TFJU
1705,VRWI
1706,RDDB
1707,CTEL
1708,QZAH
1709,FGLT
1710,INDM
1711,YLXZ
1712,YCTV
1713,OXYB
1714,RVVD
1715,GFFF
1716,DBRP
1717,TKFH
1718,ZKWK
1719,HBEF
1720,LLZL
1721,DYKU
1722,SQJQ
1723,QXIN
1724,UAID
1725,TPES
1726,TBYR
1727,YFET
1728,FPZF
1729,WOLU
1730,YNUN
1731,CXIB
1732,ZVNK
1733,CRRH
1734,LYGX
1735,JDLN
1736,ZBDI
1737,DPQG
1738,FBBT
1739,WXIZ
1740,PDBO
1741,NKRZ
1742,MTJQ
1743,LSHL
1744,YIVI
1745,FPUD
1746,AKZV
1747,CAPL
1748,WIRV
1749,VMTW
1750,WIDC
1751,IFBV
1752,HMRR
1753,LLEU
1754,NTFE
1755,NXBH
1756,WLJW
1757,JKLO
1758,DCYM
1759,DIVF
1760,KZYB
1761,PLDX
1762,ZWVR
1763,DUMU
1764,VHPU
1765,MOVH
1766,CMFH
1767,ULVL
1768,FMZO
1769,DEDG
1770,BPNM
1771,LJLR
1772,LNSG
1773,XUJJ
1774,FPXD
1775,ZYIR
1776,UFZR
1777,FYEQ
1778,ZXCX
1779,RPHM
1780,ZIBI
1781,VPVQ
1782,DENW
1783,CNGG
1784,RHTQ
1785,GGOP
1786,TSBV
1787,NNSK
1788,PFGZ
1789,DXNS
1790,BAKG
1791,VNXI
1792,DARA
1793,RLKM
1794,AIGD
1795,DKSC
1796,UXQJ
1797,XWUO
1798,SPCB
1799,XMVV
1800,BLXD
1801,TZUN
1802,MRGH
1803,FGSA
1804,EOKK
1805,SMPR
1806,FQEP
1807,PYYE
1808,VVUB
1809,XWTG
1810,PUBR
1811,ZOXC
1812,AAHH
1813,AEZN
1814,CUTB
1815,VQPI
1816,WROE
1817,JDJL
1818,ZINI
1819,FFFT
1820,IZBR
1821,LMXG
1822,VIPU
1823,JWGT
1824,FQRZ
1825,IEEK
1826,OBND
1827,IQNK
1828,CVBW
1829,SYXN
1830,FSQF
1831,AWWG
1832,WIKF
1833,PCYF
1834,LTRF
1835,XHZJ
1836,JMOI
1837,JBTW
1838,GWQJ
1839,UNEQ
1840,NKXL
1841,FVUI
1842,FTCA
1843,RCKQ
1844,LRJP
1845,FPRJ
1846,IWPJ
1847,JEUO
1848,KOPT
1849,JNBY
1850,FLCT
1851,TSYQ
1852,MXXG
1853,KMFM
1854,AYQL
1855,XDUP
1856,DBAS
1857,HICT
1858,FATV
1859,JGLI
1860,MCON
1861,ZKPT
1862,HQVH
1863,IYBA
1864,HEIL
1865,UYCH
1866,USZV
1867,LBBB
1868,FAWI
1869,YRTZ
1870,CCSK
1871,BYKH
1872,GIGU
1873,IKSU
1874,BKNH
1875,IQSS
1876,NMWP
1877,WXCO
1878,RTLP
1879,TJHG
1880,GDTR
1881,PBZY
1882,TFWW
1883,HUZK
1884,DNTQ
1885,WIFR
1886,ZSVE
1887,NYBY
1888,JPVI
1889,UVRN
1890,FZFG
1891,IBUU
1892,XLOT
1893,XMKU
1894,CLEU
1895,YEHP
1896,SNTH
1897,GWYJ
1898,YIED
1899,YFKJ
1900,PRNF
1901,GNEB
1902,GKWA
1903,JAKE
1904,BHXN
1905,APBL
1906,DCGL
1907,TUIH
1908,ADPN
1909,ZHSM
1910,PRQY
1911,GWAN
1912,DKOU
1913,KMIR
1914,XZZX
1915,YMME
1916,SWIH
1917,SAZN
1918,NYLE
1919,JQUK
1920,DHRR
1921,FWBW
1922,OYBK
1923,ZNVV
1924,BRIP
1925,AKLF
1926,OHXE
1927,SRDB
1928,WMRJ
1929,IAPU
1930,LCDM
1931,XRCC
1932,COCJ
1933,JAFO
1934,GVRV
1935,HZYT
1936,JRNB
1937,SNON
1938,JTWT
1939,KLDM
1940,RNID
1941,WEDU
1942,IGLE
1943,EYJS
1944,QAJY
1945,WPQT
1946,RAMY
1947,MGJW
1948,ZOHX
1949,DMHE
1950,DMKD
1951,QRXY
1952,DZRD
1953,UHDM
1954,OZTM
1955,SDKK
1956,GWHR
1957,EORA
1958,NXFJ
1959,RKXV
1960,GAMH
1961,XSAP
1962,XCYG
1963,PWKB
1964,JKYR
1965,YIOK
1966,HCXU
1967,HGZQ
1968,UIMZ
1969,GLGV
1970,PSWP
1971,PTPR
1972,MUDY
1973,HKPB
1974,PHGP
1975,RDSG
1976,ZNBD
1977,BYMG
1978,KKGA
1979,EKUZ
1980,ZWIV
1981,ZYDI
1982,SBFE
1983,SBSC
1984,IKXL
1985,IKAC
1986,OTQY
1987,DLLS
1988,PZYV
1989,BXSU
1990,YKGP
1991,JJEF
1992,NZGJ
1993,HNPC
1994,BCOS
1995,VUFA
1996,ZNVE
1997,SWOW
1998,TNKV
1999,HCYB
2000,HOKT
2001,WEVJ
2002,CCXN
2003,YAEP
2004,OUGJ
2005,AAIN
2006,ZVFH
2007,KOSE
2008,KXAU
2009,SOTY
2010,ARLZ
2011,PPKE
2012,UZAX
2013,VDNP
2014,RSKK
2015,IWLA
2016,PDOJ
2017,LVPU
2018,BNPZ
2019,JOJO
2020,DPEF
2021,ZSOO
2022,IJIX
2023,EUUA
2024,PCEU
2025,CILG
2026,QYQE
2027,NYZB
2028,CAWH
2029,FYYU
2030,WVQM
2031,WUWT
2032,KIDR
2033,SSRR
2034,QMEG
2035,ZTNB
2036,NLJP
2037,PGSR
2038,PFOT
2039,ICJF
2040,FZXL
2041,IJHM
2042,UABD
2043,ZCLR
2044,TIQX
2045,IKZA
2046,RATI
2047,AHJE
2048,QSWL
2049,YVGN
2050,WFYJ
2051,PUDT
2052,OERQ
2053,FGVZ
2054,EAXV
2055,FVRU
2056,KOBP
2057,HKFA
2058,GEMP
2059,PMXO
2060,SQJI
2061,FWJP
2062,HBMV
2063,ZOJG
2064,MGFA
2065,GNPR
2066,ULQX
2067,XFQQ
2068,XVIA
2069,NCXI
2070,SNZN
2071,ZOEA
2072,ZKZA
2073,RQMX
2074,WDDJ
2075,SHDZ
2076,TELW
2077,SORL
2078,MQSG
2079,RFPA
2080,UZYM
2081,NZIK
2082,CQCH
2083,BQWG
2084,JLBU
2085,IUKP
2086,CFQI
2087,NKPO
2088,EQAN
2089,GSHQ
2090,UVGB
2091,BNJW
2092,IOGZ
2093,ZLDI
2094,LZTP
2095,YDYV
2096,KYPN
2097,PIJF
2098,GDXG
2099,BZYT
2100,LZFC
2101,VKSC
2102,WUOK
2103,HWXX
2104,XNLR
2105,VYDW
2106,ETXH
2107,SJID
2108,LTLL
2109,GSCH
2110,EAGP
2111,BOYW
2112,JHOM
2113,WIUR
2114,YEKI
2115,UKQB
2116,PNNO
2117,JJNG
2118,YYPY
2119,WMUO
2120,DAEW
2121,DGLV
2122,BWVY
2123,XOPF
2124,BRTF
2125,XFZO
2126,LFVS
2127,RIPG
2128,QTAB
2129,VIJR
2130,PSVK
2131,QNBO
2132,EWCI
2133,YTMT
2134,JGLW
2135,BWFM
2136,NWZI
2137,BRLG
2138,RTHK
2139,GBYZ
2140,LSEO
2141,OKMG
2142,QWJF
2143,YAUW
2144,CDEG
2145,PYPY
2146,PVPY
2147,JTSI
2148,CHAJ
2149,QLCW
2150,MEXC
2151,MKDL
2152,ZJON
2153,HBZA
2154,ACXP
2155,VGGX
2156,FGFS
2157,RAPH
2158,CKCT
2159,NHDG
2160,XJTT
2161,CIDU
2162,DRVD
2163,DMDI
2164,VLAX
2165,IBWH
2166,XZJX
2167,CKQT
2168,RLRV
2169,AXTJ
2170,QOTK
2171,BYQU
2172,LHPC
2173,RJKC
2174,JUNI
2175,RQFA
2176,XNBL
2177,UUSG
2178,PMTI
2179,QENB
2180,QFQE
2181,QPMJ
2182,AYZK
2183,YREQ
2184,ZBRX
2185,SBFN
2186,SLXJ
2187,XALT
2188,VGQU
2189,RPNJ
2190,RGSE
2191,OPBQ
2192,GNVB
2193,RDFJ
2194,TVWH
2195,GKWV
2196,SOJM
2197,JCEN
2198,TRLX
2199,RNYI
2200,PAQF
2201,TJVU
2202,NKQT
2203,OCFN
2204,QCUD
2205,EUTK
2206,NALS
2207,CWIF
2208,IYQE
2209,XULN
2210,LOZO
2211,KCBE
2212,LPUD
2213,SQAC
2214,TSVQ
2215,LIJM
2216,WVUZ
2217,LLML
2218,EKQL
2219,MUFI
2220,CMDD
2221,FDYO
2222,MRUN
2223,YAAP
2224,ZZUP
2225,KMQD
2226,MWBX
2227,FTFE
2228,YISW
2229,BMXV
2230,RWPS
2231,MYQT
2232,FHBD
2233,EOJU
2234,ROPQ
2235,QWXK
2236,SKFS
2237,CVBU
2238,PSXY
2239,INRI
2240,HLGC
2241,SZLY
2242,LJNY
2243,ZLYD
2244,IFRC
2245,KNDY
2246,PKWS
2247,MHSG
2248,SCDZ
2249,MQRX
2250,MZSY
2251,IVGV
2252,HJTC
2253,MGRN
2254,QISS
2255,ECEW
2256,LAYF
2257,VBCM
2258,BKXR
2259,GJUW
2260,JWVX
2261,IXAU
2262,PBEJ
2263,GNQC
2264,DWLK
2265,ZGMJ
2266,VFQH
2267,FGJN
2268,QSTE
2269,OLZW
2270,HKXF
2271,RQVF
2272,EUOW
2273,FNFE
2274,MWVM
2275,DRGW
2276,UGYY
2277,MKHV
2278,APWZ
2279,KDYR
2280,WVTJ
2281,RICD
2282,ONSG
2283,FXEF
2284,ZNCR
2285,VHXX
2286,WHZQ
2287,ESLX
2288,CUHP
2289,DUOI
2290,CEBH
2291,KKHK
2292,IJLU
2293,EKXD
2294,HYAW
2295,BTKP
2296,ATAQ
2297,UWNY
2298,LQGF
2299,AJCE
2300,OCOH
2301,JSKO
2302,CZDE
2303,FOUT
2304,HEZV
2305,OCJQ
2306,AFAJ
2307,YCJQ
2308,FWUE
2309,YXIW
2310,MTLX
2311,UOCO
2312,TZSC
2313,VGJP
2314,XHMR
2315,KNNL
2316,YYQF
2317,TBNV
2318,DBIS
2319,CBXM
2320,OTWZ
2321,LGZT
2322,ATZB
2323,VOPF
2324,UPVL
2325,FLGQ
2326,LTQT
2327,UGMX
2328,SGHA
2329,PLMJ
2330,CBHE
2331,PEPF
2332,BSUV
2333,WXCV
2334,BKIJ
2335,QYSK
2336,ASRS
2337,FHRS
2338,WVQZ
2339,JVTS
2340,NOOT
2341,FHYT
2342,PAAD
2343,LYPU
2344,INFJ
2345,RFNX
2346,DZYE
2347,TDWU
2348,QFWB
2349,WNGA
2350,YYDF
2351,SDPV
2352,HDOC
2353,RFMC
2354,NMBT
2355,DZUJ
2356,TFOE
2357,PDXN
2358,OVNU
2359,KIND
2360,GPXM
2361,BAIJ
2362,GUCV
2363,ZRRQ
2364,QQNM
2365,PCAB
2366,GFJT
2367,NNVG
2368,OOBV
2369,GZBB
2370,VDVQ
2371,AMXV
2372,PRGK
2373,LHAA
2374,SUFQ
2375,WHQU
2376,LHSP
2377,DUGZ
2378,DXNN
2379,HBTO
2380,OSXN
2381,UTDA
2382,TKWF
2383,OZLX
2384,UGVB
2385,VNVN
2386,DLRY
2387,ZDXK
2388,FQOF
2389,EXZG
2390,WTXX
2391,MYAN
2392,PRDA
2393,TNZI
2394,VUAO
2395,MFKA
2396,DWZC
2397,HOZY
2398,GEAP
2399,WCPM
2400,IBYF
2401,NFUC
2402,OSPP
2403,MZGM
2404,WYJX
2405,CIXA
2406,EMCR
2407,EVBK
2408,NCKA
2409,SXJZ
2410,HRLK
2411,NUJU
2412,BBCD
2413,VZUI
2414,OHDY
2415,IOXM
2416,XVAF
2417,JFHK
2418,GIWH
2419,XVEB
2420,XKEO
2421,KQKI
2422,OZQN
2423,OMJF
2424,IRXK
2425,HJPS
2426,AQJK
2427,MDTC
2428,FMWG
2429,QHHY
2430,CQGG
2431,RBVN
2432,OQWT
2433,WOHJ
2434,RBVX
2435,CJHF
2436,KRWA
2437,FRLQ
2438,JTJN
2439,LBTQ
2440,DVAS
2441,HWLQ
2442,JFCB
2443,JOPG
2444,XLQZ
2445,GUWZ
2446,CZYT
2447,PYQR
2448,HSMI
2449,WHTV
2450,LJKR
2451,RVGZ
2452,XHPT
2453,EMQV
2454,BIXH
2455,SDUW
2456,XQET
2457,EWLY
2458,XWVY
2459,CQSJ
2460,KSRJ
2461,IBLW
2462,FABJ
2463,EIBG
2464,BDNJ
2465,UGJY
2466,RJAC
2467,IKGP
2468,OVTE
2469,UCOC
2470,WTSV
2471,GITW
2472,DZYS
2473,IFGA
2474,YPDP
2475,SYZX
2476,DJEY
2477,JWAH
2478,DWAN
2479,ZCFG
2480,TSHE
2481,QSED
2482,OUWO
2483,DUKR
2484,GQWF
2485,MYPF
2486,CBWZ
2487,AQTQ
2488,TSYP
2489,TWJW
2490,RVQB
2491,LIPY
2492,VIKB
2493,CNSX
2494,RGFK
2495,SAPA
2496,DHFD
2497,EMWQ
2498,OFUO
2499,WYMA
2500,OUCU
2501,QPBV
2502,LMOT
2503,RGQN
2504,PTSE
2505,BXMQ
2506,PSQN
2507,NDZL
2508,VSVO
2509,BZMM
2510,TPTL
2511,KCBJ
2512,SADS
2513,OGXM
2514,JOVV
2515,KOTR
2516,URMS
2517,OVAW
2518,ZBER
2519,GIAW
2520,XUCV
2521,NXVI
2522,KRHB
2523,YKWS
2524,YQHZ
2525,CQYO
2526,RJXI
2527,PNKN
2528,AUZK
2529,ZDAB
2530,YVWD
2531,XHAZ
2532,WLYQ
2533,ROVA
2534,VGKD
2535,NRQL
2536,KULD
2537,NRNX
2538,NQQN
2539,JKXP
2540,BUYU
2541,OUFH
2542,YYIU
2543,HDFQ
2544,HSJX
2545,QAGM
2546,JSQT
2547,BDAV
2548,PKJX
2549,RCOC
2550,SAGL
2551,GAEG
2552,VMXL
2553,ZTDK
2554,AYVG
2555,WCYA
2556,AIOJ
2557,KJDF
2558,TKRC
2559,JFJJ
2560,IQJA
2561,MEUF
2562,JFNE
2563,NPFW
2564,ZRSD
2565,VQRL
2566,HUWD
2567,QUAB
2568,FAHX
2569,MIUG
2570,FPAZ
2571,DSXB
2572,FGBZ
2573,XSHT
2574,YEZO
2575,HQIR
2576,OTZL
2577,HTDR
2578,KKPR
2579,GJRD
2580,KIJV
2581,ELOT
2582,GQLS
2583,OSGX
2584,TCSA
2585,QAVH
2586,QIQZ
2587,EUKD
2588,VUZY
2589,HXSZ
2590,ZFQP
2591,BQRZ
2592,EZFM
2593,KFKQ
2594,WWAX
2595,IKLZ
2596,WRNA
2597,XCPW
2598,CEIL
2599,NUVQ
2600,ZWVH
2601,ORKW
2602,GYOM
2603,DKMX
2604,VUUK
2605,TBEB
2606,FKWA
2607,LWJY
2608,KDAG
2609,VVRV
2610,JXSN
2611,UMPM
2612,HRYY
2613,XMSH
2614,UUPE
2615,OUWI
2616,HVAQ
2617,YWPV
2618,FGFD
2619,OJOU
2620,PXDI
2621,PTWT
2622,GHZU
2623,ZZHU
2624,RBCH
2625,JLTI
2626,VFIJ
2627,XABG
2628,VQED
2629,QGDU
2630,HFUM
2631,YLXV
2632,KVNL
2633,HWPI
2634,WQDP
2635,SXLM
2636,JITX
2637,BEFK
2638,CNRE
2639,UIGI
2640,QOVR
2641,OKUU
2642,YVWL
2643,EYLS
2644,EGHI
2645,KHBG
2646,IOEJ
2647,XQFB
2648,BHCQ
2649,MPHM
2650,OMZL
2651,WXHX
2652,EFXG
2653,KKQK
2654,DIXN
2655,JZNZ
2656,MDJJ
2657,GGCH
2658,TUNU
2659,TCSW
2660,VREM
2661,FWRV
2662,ZLHC
2663,NJHC
2664,BXIA
2665,IWOU
2666,SEME
2667,CYBL
2668,CBAT
2669,GHVS
2670,IZSD
2671,INJT
2672,HAZC
2673,IFHB
2674,CPVE
2675,HYRC
2676,NJOM
2677,MOXX
2678,UNLB
2679,ISCL
2680,NODJ
2681,VFHE
2682,SRUX
2683,UQKO
2684,TXMG
2685,UBIV
2686,YJFD
2687,UCBI
2688,EYRR
2689,KLNC
2690,MLZK
2691,RPEJ
2692,IVGK
2693,NGLV
2694,PFDN
2695,FFVC
2696,BXWB
2697,ZMWB
2698,YZFJ
2699,ZDFG
2700,ZGIT
2701,HJVQ
2702,UDEQ
2703,LPBR
2704,AWSC
2705,ZZOQ
2706,RKSJ
2707,AHUG
2708,ZETJ
2709,ORUK
2710,FTGM
2711,SINB
2712,THFX
2713,ZJUZ
2714,QFWR
2715,YWTO
2716,PVLW
2717,HQZC
2718,JZZH
2719,CYLH
2720,MCRA
2721,IPHY
2722,VPTO
2723,XNDG
2724,AOFD
2725,OMRW
2726,DFFT
2727,LHIZ
2728,DETN
2729,ZRXY
2730,TBLJ
2731,CYME
2732,ZNFX
2733,MZFJ
2734,JNXN
2735,OBSL
2736,TGYX
2737,EBPR
2738,ABWF
2739,QBLX
2740,BODJ
2741,BCIO
2742,OZZP
2743,FPTZ
2744,JIVE
2745,USGV
2746,NFZL
2747,HJNX
2748,VHZJ
2749,SDFI
2750,ICVW
2751,ASJZ
2752,GTHD
2753,WHRE
2754,KOSN
2755,MMWB
2756,GPKM
2757,AQTZ
2758,YPMN
2759,DOVS
2760,EZIN
2761,YFYD
2762,WXDH
2763,HRPA
2764,CPHB
2765,YTYT
2766,EVMG
2767,AXHG
2768,SOMJ
2769,USFI
2770,TLIX
2771,FDQG
2772,EVRH
2773,MVBY
2774,XOWO
2775,SICW
2776,XDEU
2777,TZYU
2778,LUFV
2779,QBRR
2780,SKIQ
2781,KWVU
2782,MWOI
2783,DMXU
2784,HHPJ
2785,ZUWM
2786,UVHE
2787,DNGH
2788,QMFH
2789,KHJF
2790,RNKO
2791,PNVY
2792,RGCK
2793,SUGN
2794,ZTPM
2795,PELC
2796,XAGE
2797,EPLX
2798,ISBT
2799,NTBP
2800,CISE
2801,WCCK
2802,NBTL
2803,EDPQ
2804,MPVN
2805,USBT
2806,OSHQ
2807,MUWA
2808,DJSZ
2809,RQLV
2810,BGMJ
2811,VGVZ
2812,YNZE
2813,NOZA
2814,MDXZ
2815,TQDK
2816,XVWY
2817,HRNR
2818,QWGB
2819,LKFA
2820,KCGI
2821,WJKT
2822,UITF
2823,ARQD
2824,KIWQ
2825,XGIA
2826,YLEI
2827,EXGX
2828,FDOS
2829,ZHBM
2830,XUXI
2831,BPUF
2832,MKQU
2833,MSTU
2834,DMRQ
2835,VZTY
2836,TDYT
2837,HYVG
2838,OQIO
2839,TNIU
2840,WSEF
2841,XHDG
2842,NMPR
2843,HWEM
2844,RDIS
2845,ISPL
2846,RDUT
2847,CKIF
2848,PKGB
2849,SCQE
2850,FRMC
2851,RQHJ
2852,TICP
2853,ACOO
2854,SHXU
2855,HRCE
2856,PUJX
2857,ULKV
2858,HKSK
2859,ZBSY
2860,QXHH
2861,ALUJ
2862,KULR
2863,MRCT
2864,ZEEX
2865,KRAS
2866,ZFDZ
2867,EWFX
2868,AVJH
2869,POZO
2870,SJWL
2871,JZRI
2872,POTW
2873,EMEH
2874,YQOV
2875,SPBC
2876,PIWO
2877,TDHO
2878,EECT
2879,NDBI
2880,STEH
2881,CONQ
2882,RVGH
2883,SAZX
2884,GCTJ
2885,CQJK
2886,VWKT
2887,AUGA
2888,ZGXI
2889,OWLH
2890,TFKH
2891,KEKP
2892,HMVH
2893,WEZP
2894,AAIC
2895,OGRL
2896,VGOO
2897,FKQX
2898,FCCE
2899,QVJO
2900,DPWD
2901,TECK
2902,ALIQ
2903,BMNB
2904,UAJH
2905,DRKX
2906,MXPH
2907,POCF
2908,XGLO
2909,CEZD
2910,EHQE
2911,QVLD
2912,YBIB
2913,VFMH
2914,AUTO
2915,OAVJ
2916,UMNH
2917,NPUJ
2918,MTMM
2919,WATI
2920,LWVA
2921,OLNV
2922,ZBIR
2923,NZUM
2924,FXNF
2925,OCRP
2926,DLNU
2927,HBGS
2928,HWCD
2929,HZLR
2930,JODV
2931,VCNH
2932,MDPJ
2933,WVJI
2934,IMSK
2935,TIAQ
2936,CQGD
2937,LFAK
2938,VGDK
2939,QLWE
2940,TVZS
2941,ZVXF
2942,DNMN
2943,NLWE
2944,JQMG
2945,KWPK
2946,GMXR
2947,UTFL
2948,JPNT
2949,DXYB
2950,DFDZ
2951,GUZS
2952,OWED
2953,HTTR
2954,AYCR
2955,BAXT
2956,WVFF
2957,DDDY
2958,KFNW
2959,CVQK
2960,XLZA
2961,UCDC
2962,TUVV
2963,PRXX
2964,OCRY
2965,XSLW
2966,PTCG
2967,GEZN
2968,MQFT
2969,JZCH
2970,JVVG
2971,BRHS
2972,SBIB
2973,VYGI
2974,WLGR
2975,DNZO
2976,PZCA
2977,WCCN
2978,ELDI
2979,WLSG
2980,EJGX
2981,OXCT
2982,YNEV
2983,HZLB
2984,BBRW
2985,AJGT
2986,LYGQ
2987,MJWX
2988,CPIU
2989,FVAT
2990,USLY
2991,MSDL
2992,TZSV
2993,SPKT
2994,HXNN
2995,ZAMN
2996,DKOX
2997,YHZL
2998,RBTC
2999,AQYO
3000,KSQA
3001,HNJJ
3002,KYZL
3003,RJSY
3004,CDVQ
3005,TQLX
3006,NSWW
3007,DFIO
3008,YPTU
3009,EPWR
3010,YQMK
3011,SIMS
3012,VKHG
3013,BWJI
3014,GWGU
3015,UYYW
3016,FCST
3017,JETN
3018,PFDD
3019,DPEC
3020,JRBI
3021,RRYI
3022,WSMH
3023,FYTD
3024,NNKI
3025,WSEE
3026,UDXE
3027,LYBR
3028,IAGC
3029,TOLF
3030,CJNK
3031,CWIC
3032,AJFT
3033,JGEH
3034,IEZB
3035,KUVO
3036,CFWP
3037,NAAV
3038,HUYY
3039,CLFI
3040,OGQB
3041,ZZSO
3042,CDOJ
3043,TNRN
3044,WHSC
3045,UURE
3046,IONN
3047,NTUW
3048,NKOY
3049,ZSNU
3050,PHQU
3051,GCQC
3052,KWTB
3053,KJBM
3054,JEOL
3055,XDXZ
3056,AQBT
3057,EUDV
3058,LXWR
3059,ZZDD
3060,EMMP
3061,RFSC
3062,PXRA
3063,TGUO
3064,ULDV
3065,ECCR
3066,KPDA
3067,ACEM
3068,PMTS
3069,KSPX
3070,GWVC
3071,RDEL
3072,AXCL
3073,SVCU
3074,VWSP
3075,XGNQ
3076,ZOCI
3077,JMAR
3078,HWCZ
3079,MWGN
3080,CRRP
3081,CSPE
3082,LDQC
3083,VAOU
3084,JLMA
3085,VYNM
3086,YGVW
3087,FYFF
3088,IKJW
3089,VKZU
3090,WSBL
3091,HDLB
3092,QRKQ
3093,UZDO
3094,GHNK
3095,RRCC
3096,UUQC
3097,UMIU
3098,RNFD
3099,HYPY
3100,BFFI
3101,NTDN
3102,NDEU
3103,GILN
3104,ZOPT
3105,PBDE
3106,IXVD
3107,OFJN
3108,HOXW
3109,KYLJ
3110,YAEC
3111,VOKC
3112,VJSK
3113,FALN
3114,DAJU
3115,BKWL
3116,ZZIW
3117,KVKR
3118,YWKQ
3119,VTSH
3120,GFAC
3121,BEIC
3122,MNEG
3123,QZXP
3124,BOBK
3125,QLQT
3126,EBPW
3127,GPXR
3128,BNKJ
3129,XJVC
3130,HSOX
3131,HTKM
3132,GGQI
3133,APYE
3134,HYZZ
3135,DXYO
3136,HCJD
3137,WQJW
3138,FKJO
3139,NCWV
3140,DMVV
3141,FDKN
3142,JLEQ
3143,RGHV
3144,WHRW
3145,DLJW
3146,LCNK
3147,XRHV
3148,TUNT
3149,YEPN
3150,UHJA
3151,RNPP
3152,LOGS
3153,WDSL
3154,GVNW
3155,QHSF
3156,DNUY
3157,NVQX
3158,QRGE
3159,MPAZ
3160,YMOG
3161,IDJS
3162,NCNC
3163,DYII
3164,SQHB
3165,EULB
3166,HDRB
3167,ZIPA
3168,BVHA
3169,EFGZ
3170,OQKT
3171,KQXA
3172,DERI
3173,DCAZ
3174,WBBN
3175,RBGZ
3176,AKLO
3177,ULHX
3178,TPXM
3179,RXPS
3180,NDPU
3181,DOOI
3182,VDZC
3183,JNYC
3184,JEET
3185,NMSO
3186,GAIX
3187,GAEW
3188,YUPU
3189,JIWN
3190,NPDP
3191,EGAQ
3192,JVVY
3193,BTKQ
3194,PGSE
3195,KZZZ
3196,ZJTD
3197,ITWU
3198,DLLS
3199,KEJR
3200,YOXV
3201,RCQS
3202,LXIZ
3203,WFYT
3204,VGIH
3205,NVTQ
3206,BJFW
3207,ZYYI
3208,JGZQ
3209,PWUH
3210,DYMV
3211,CCNE
3212,QPYC
3213,SZQR
3214,NXLW
3215,CXXX
3216,NQLP
3217,GBDJ
3218,UFTS
3219,LPZZ
3220,QSYI
3221,DHAZ
3222,OWDT
3223,BKRM
3224,TZTU
3225,QWXO
3226,KRVN
3227,PEPP
3228,SDFX
3229,YYJO
3230,ZIKU
3231,IBEH
3232,LHMO
3233,OOPA
3234,PPQT
3235,CEOW
3236,FCOU
3237,ZVWR
3238,VANA
3239,JZBP
3240,PVDZ
3241,HUYY
3242,JLOI
3243,OYBZ
3244,HOXG
3245,LDVF
3246,FMEH
3247,MUZC
3248,YIJQ
3249,WYEV
3250,VFNR
3251,ZQUZ
3252,UGMS
3253,XPQY
3254,TXKT
3255,PXSX
3256,GBTL
3257,EGOF
3258,EUXE
3259,OPLD
3260,WZVK
3261,UZSN
3262,XBZS
3263,AAGP
3264,INDG
3265,QNZA
3266,IZXI
3267,SJRX
3268,GRNK
3269,VYLA
3270,STHD
3271,KYZF
3272,XAWE
3273,MWAJ
3274,TCMI
3275,HLON
3276,KDIK
3277,BJOH
3278,DFQF
3279,MUYD
3280,FRVQ
3281,YHHV
3282,IBVO
3283,UJSY
3284,XSLO
3285,YDXE
3286,HWEQ
3287,NMDO
3288,ZSTK
3289,ETLW
3290,YBDS
3291,XBFJ
3292,JXPV
3293,BJXZ
3294,XYZX
3295,BGME
3296,FXRJ
3297,RRVO
3298,DBMZ
3299,DQUD
3300,ELSL
3301,WZJJ
3302,TNEG
3303,PYBA
3304,QGVJ
3305,EFAB
3306,RCHI
3307,EUMZ
3308,JIFS
3309,LZKM
3310,DKBM
3311,MOZY
3312,NWUR
3313,OZEM
3314,ZKXZ
3315,KJEY
3316,BMEG
3317,WTQS
3318,BNLB
3319,CZJF
3320,ROOO
3321,NKWN
3322,OZWB
3323,SOCZ
3324,PFSP
3325,WNZE
3326,ANOI
3327,GBRX
3328,YZDV
3329,OVKV
3330,YVAN
3331,IXAV
3332,VALI
3333,TCPB
3334,CVMW
3335,TMXI
3336,OXNW
3337,KZEM
3338,TULS
3339,BAKW
3340,PWRG
3341,QTTG
3342,BMDU
3343,BKHF
3344,ACBV
3345,SIBE
3346,JNQG
3347,QHHX
3348,UZQR
3349,HHYC
3350,MBGY
3351,MIJV
3352,SWBL
3353,EMIN
3354,FHQW
3355,PVEX
3356,NCPK
3357,JBNF
3358,EKXH
3359,XEHL
3360,PGYO
3361,EIMJ
3362,AYEL
3363,ZUNP
3364,AHKF
3365,UIWC
3366,ITRR
3367,ZDHU
3368,SPGP
3369,PFRL
3370,PKJH
3371,BPJD
3372,ATMS
3373,KFNQ
3374,EZGT
3375,ZDDQ
3376,OOUQ
3377,UBJM
3378,YRIP
3379,PSAG
3380,RSXU
3381,SRHF
3382,DQHT
3383,LWMH
3384,UXLV
3385,ORZY
3386,ZLQU
3387,KXVD
3388,TRBH
3389,WCNT
3390,EFBN
3391,HBNG
3392,QQSQ
3393,TPRU
3394,RWBI
3395,EVMJ
3396,LYHZ
3397,RPST
3398,ZPSN
3399,BRLR
3400,DVDM
3401,JCCT
3402,BYDS
3403,QKOM
3404,GIWG
3405,BOOO
3406,AMTI
3407,ANDY
3408,VBHM
3409,QSXY
3410,TOEC
3411,WXCT
3412,XQSS
3413,VWPX
3414,OPGV
3415,YZBW
3416,SJBP
3417,YQCE
3418,ODXU
3419,DSTL
3420,CMYJ
3421,HMEB
3422,OHYZ
3423,LAML
3424,LWBJ
3425,CXBP
3426,RDOS
3427,ZRSG
3428,WPMY
3429,CJKS
3430,KWXG
3431,CNXO
3432,DBGZ
3433,MCIU
3434,KOTC
3435,KQZY
3436,ZHDX
3437,YDBY
3438,FCWA
3439,GWWK
3440,UQJI
3441,DQHT
3442,PINK
3443,EYTP
3444,NLFS
3445,IOYX
3446,HVOM
3447,RACQ
3448,KYMV
3449,LYYK
3450,SABX
3451,UZLU
3452,YQVT
3453,EYXM
3454,IQFN
3455,OSNK
3456,NZFI
3457,ZTEH
3458,JIEF
3459,UODZ
3460,NJTQ
3461,TEXY
3462,MTFS
3463,QTOY
3464,EDWY
3465,OVOB
3466,WEFO
3467,DFVN
3468,SCBQ
3469,WJHE
3470,TIOL
3471,HZCP
3472,SOZO
3473,IBBP
3474,EVXI
3475,RGQY
3476,DMNI
3477,DXPY
3478,PAGX
3479,YEIM
3480,ZTUS
3481,WWKY
3482,EYOG
3483,CSRB
3484,KXGI
3485,PUTU
3486,HLHJ
3487,EYNL
3488,LIHO
3489,VNKG
3490,QTHU
3491,GLRX
3492,MOAJ
3493,ZXJG
3494,ADVI
3495,GYPL
3496,BDFE
3497,CXXY
3498,AOEW
3499,UACL
3500,GJAJ
3501,AUXS
3502,LADP
3503,NCYW
3504,OYTP
3505,VXTV
3506,QJLQ
3507,XASX
3508,POJS
3509,CHNB
3510,FVES
3511,VIOJ
3512,NCHN
3513,HJZS
3514,SYKG
3515,ACIQ
3516,CHHN
3517,VUXE
3518,YIMV
3519,RLKD
3520,CEAD
3521,NYKB
3522,BXPV
3523,OXEG
3524,KZYQ
3525,LPZJ
3526,LXAR
3527,YAYW
3528,SLRR
3529,OTKG
3530,ROVX
3531,THVZ
3532,VMNT
3533,EIBM
3534,ACWK
3535,HJAH
3536,OPSP
3537,VPKQ
3538,XGDS
3539,YTHE
3540,EUKQ
3541,LWYH
3542,NCNL
3543,RXBK
3544,MLTE
3545,ZAJM
3546,IDVZ
3547,LYKB
3548,IJUY
3549,QVSJ
3550,KADF
3551,DNKK
3552,HAVQ
3553,RYCI
3554,SLID
3555,FEWJ
3556,DMZS
3557,SXQX
3558,BICP
3559,EKQC
3560,MTSX
3561,WLOS
3562,MUAE
3563,MJYB
3564,MLYH
3565,DZHE
3566,UBDW
3567,YXCQ
3568,RHII
3569,VGNO
3570,PPTY
3571,PXBJ
3572,RUSO
3573,TTPE
3574,ZZDF
3575,DQJN
3576,PXHB
3577,GCDW
3578,RRDD
3579,CLUO
3580,OBBZ
3581,RBQF
3582,MXJR
3583,UCNT
3584,WROJ
3585,UWNA
3586,OCUU
3587,TBZY
3588,FVTZ
3589,VXGF
3590,RHYQ
3591,RDFP
3592,RKRA
3593,YGNL
3594,MDPK
3595,UBJR
3596,YOSD
3597,RMTI
3598,XJAN
3599,LXMV
3600,ZEZE
3601,ENYS
3602,KQYO
3603,JDQC
3604,AOFC
3605,JTEQ
3606,FYQR
3607,GQUR
3608,YPPX
3609,EZEH
3610,FRBL
3611,KZAB
3612,PODD
3613,VVGS
3614,ICXJ
3615,GIGB
3616,XUDG
3617,ZCCJ
3618,KURP
3619,EKLL
3620,DJYE
3621,RVHI
3622,GECY
3623,VRRT
3624,AKNE
3625,KEYW
3626,WXCP
3627,TGBJ
3628,QBVP
3629,BHZW
3630,AYPJ
3631,QRPZ
3632,JXCU
3633,IAIB
3634,WMYS
3635,DGFY
3636,RBEH
3637,ICEF
3638,LAXS
3639,TXRX
3640,ZYVL
3641,QYPT
3642,DZKY
3643,NIXB
3644,AYVW
3645,FNTF
3646,QWNU
3647,QIQX
3648,GZJZ
3649,LVKJ
3650,HVIG
3651,AHNZ
3652,ZWGW
3653,SNQC
3654,DBZC
3655,HLBK
3656,OXHU
3657,XBON
3658,LJYA
3659,EJTM
3660,RUHD
3661,CVRD
3662,JFAL
3663,TEHE
3664,ZXFS
3665,YEMG
3666,MIXP
3667,WAQQ
3668,MUMO
3669,JZIY
3670,NIZL
3671,KGOY
3672,OXBC
3673,YVRH
3674,AJER
3675,UKTC
3676,MINW
3677,RPCU
3678,RHOR
3679,KDHZ
3680,DPBI
3681,EIKQ
3682,WOPH
3683,YYLK
3684,TVIG
3685,VPAA
3686,BNHW
3687,PBIH
3688,EMHJ
3689,PRUK
3690,NEWT
3691,OXHV
3692,HKKJ
3693,KBIV
3694,CPYA
3695,JARP
3696,UXFB
3697,LVPX
3698,LJOU
3699,ATMW
3700,YXTD
3701,KBOO
3702,IBUC
3703,GTHD
3704,XCMQ
3705,MKRB
3706,OOGN
3707,MMTA
3708,ZHNM
3709,EOUB
3710,QNKW
3711,XQBE
3712,TFPQ
3713,HVNK
3714,WILH
3715,PWEG
3716,PZIZ
3717,KELC
3718,ROJN
3719,THBA
3720,SCQH
3721,RBJE
3722,EHSU
3723,JYCU
3724,HEVQ
3725,VWVE
3726,EWDW
3727,GAAI
3728,LNIO
3729,NAHV
3730,VAHD
3731,XRMA
3732,ZBOB
3733,GMLP
3734,GWEP
3735,AEBQ
3736,IYTL
3737,LIUA
3738,IDPV
3739,NGBQ
3740,CERJ
3741,ZQYI
3742,UPZZ
3743,GUZU
3744,ZRLN
3745,WAHR
3746,MLEK
3747,IMKU
3748,COEX
3749,EPOU
3750,TNRS
3751,LXIQ
3752,XXPB
3753,FDSM
3754,YKGL
3755,XIEG
3756,HQVR
3757,WGMR
3758,QXNF
3759,HFKU
3760,URYB
3761,XOIP
3762,TGXT
3763,HYFL
3764,NRJL
3765,FQRG
3766,WKGX
3767,CMQX
3768,OCTF
3769,PJQG
3770,DLSI
3771,CLGG
3772,LILB
3773,ULXP
3774,NLVU
3775,FRSJ
3776,OVSJ
3777,MUIM
3778,ARHK
3779,GFJJ
3780,ZCSL
3781,AKXK
3782,UJQY
3783,AJPJ
3784,NHJU
3785,JOAN
3786,MZTU
3787,RPER
3788,IRKR
3789,YXEO
3790,LGWK
3791,NPIY
3792,MFOC
3793,PFWR
3794,JBXN
3795,XFGX
3796,YLJT
3797,CKUN
3798,CDQV
3799,KXYW
3800,ZVKI
3801,QXCP
3802,JHLS
3803,FDWJ
3804,JXPH
3805,PMDW
3806,AOUU
3807,TNQM
3808,IVAZ
3809,AGOJ
3810,CERE
3811,GIHU
3812,TMKS
3813,XNLN
3814,AKQC
3815,SFGB
3816,KPBS
3817,FRLK
3818,DZLB
3819,QIAV
3820,UUYC
3821,REOD
3822,EWTE
3823,GIAX
3824,WPRG
3825,TEYI
3826,BWXV
3827,FNLK
3828,MGTI
3829,DGJW
3830,DVAS
3831,EPBV
3832,TJAM
3833,VBUN
3834,EJHV
3835,DPZL
3836,RIXL
3837,TMES
3838,PIYN
3839,RARQ
3840,VIBQ
3841,AIAI
3842,GPHD
3843,KGOZ
3844,RGSY
3845,RLJN
3846,BWFF
3847,NHCG
3848,CXKD
3849,TSUX
3850,KMQX
3851,XUYE
3852,FLCT
3853,HVSY
3854,YAEV
3855,ZVGJ
3856,FLIG
3857,QQNH
3858,ZTBF
3859,SIDL
3860,QBKA
3861,DPRO
3862,ZQNG
3863,SJDQ
3864,EYXZ
3865,AOVV
3866,XUFR
3867,PIHQ
3868,MKSI
3869,MCSU
3870,OWCM
3871,LQQC
3872,UOQZ
3873,SRCR
3874,SMYQ
3875,GVSV
3876,XUZC
3877,JECX
3878,LYQB
3879,LKHK
3880,XSOT
3881,XWNS
3882,CJAB
3883,SPSL
3884,HQFB
3885,ADOA
3886,NVBX
3887,FLXV
3888,TEVI
3889,TUPG
3890,RPFQ
3891,WBUJ
3892,XVMG
3893,MISJ
3894,XWBD
3895,QOWD
3896,WLFR
3897,GIXO
3898,CWTR
3899,QVOW
3900,UCXD
3901,JJTV
3902,FCZB
3903,CWVQ
3904,XNPT
3905,XLYS
3906,FLEU
3907,JNZQ
3908,ZOUP
3909,JRAY
3910,EFGW
3911,MYLV
3912,GWWL
3913,ZUXF
3914,TKYF
3915,VFCW
3916,UKKD
3917,MVOO
3918,ZXKC
3919,HAUA
3920,ZOLO
3921,RQHW
3922,DYFY
3923,NGPU
3924,QLDB
3925,NDLI
3926,ILPK
3927,DXMT
3928,COOW
3929,CYYI
3930,KXGG
3931,CTTW
3932,FTNE
3933,OMOZ
3934,KOJE
3935,IRFV
3936,AAUF
3937,JVMI
3938,ELLR
3939,WYFL
3940,XINA
3941,VYFI
3942,PSNT
3943,GBYZ
3944,EMIP
3945,YVFA
3946,FKBU
3947,NKHU
3948,SPNU
3949,CLII
3950,WNRW
3951,GPFJ
3952,MXWS
3953,ROZI
3954,QYPV
3955,RWKM
3956,VGHN
3957,KWQW
3958,EPUI
3959,RTJO
3960,BBNG
3961,NCBJ
3962,SLHO
3963,IBLT
3964,IMMU
3965,BZBU
3966,LFGJ
3967,DPFH
3968,IXMK
3969,TKPO
3970,WBNS
3971,OIFV
3972,ZAZS
3973,NGKM
3974,KLOY
3975,OJFD
3976,EMZJ
3977,NEJO
3978,YWAG
3979,VRWX
3980,YOIB
3981,DQIR
3982,FPFI
3983,EAFM
3984,WNJE
3985,VDMU
3986,HTNH
3987,EKTO
3988,NRNC
3989,GWPL
3990,JMAC
3991,KEFR
3992,YSYK
3993,GQHX
3994,HBLK
3995,TRXH
3996,AKRX
3997,GTKL
3998,PZMX
3999,TLPP
